file,target,mean_aco,mean_sim,mean_ga,dev_abs_aco,dev_abs_sim,dev_abs_ga,dev_percent_aco,dev_percent_sim,dev_percent_ga,duration_aco,duration_sim,duration_ga
berlin52.txt,7542,7676.826848132488,9227.319794727024,8980.918279329191,134.8268481324876,1685.3197947270237,1438.9182793291911,1.7876802987601117,22.345794149125215,19.078736135364508,12.1705,0.0025,0.1235
eil51.txt,426,477.04226009787305,571.6983067745314,513.610006884723,51.042260097873054,145.69830677453137,87.61000688472302,11.981751196683815,34.20148046350502,20.565729315662683,11.680999,0.002501,0.1195
berlin52.txt,7542,7704.415742583886,8854.71756104732,8980.918279329191,162.41574258388573,1312.7175610473205,1438.9182793291911,2.153483725588514,17.405430403703534,19.078736135364508,12.2365,0.002502,0.1295
eil51.txt,426,449.05893755423085,526.2130127180862,513.610006884723,23.05893755423085,100.21301271808625,87.61000688472302,5.41289613949081,23.524181389222125,20.565729315662683,11.639999,0.002499,0.127002
berlin52.txt,7542,7548.992710024182,8907.272006732135,8980.918279329191,6.992710024182088,1365.2720067321352,1438.9182793291911,0.09271691890986593,18.102254133282088,19.078736135364508,12.57,0.002501,0.126999
eil51.txt,426,466.2881690809471,497.184241305775,513.610006884723,40.288169080947114,71.184241305775,87.61000688472302,9.457316685668337,16.709915799477702,20.565729315662683,12.886501,0.002999,0.144003
